{
    "CLI_version": "7.0.7",
    "branch": "main",
    "conf": {
        "files": [
            "ERC20.sol"
        ],
        "process": "emv",
        "verify": "ERC20:ERC20.spec"
    },
    "cwd_relative": ".",
    "dirty": true,
    "origin": "https://github.com/0austinli4/COS473FinalProject.git",
    "raw_args": [
        "/Users/austinli/.pyenv/versions/3.8.17/bin/certoraRun",
        "ERC20.sol",
        "--verify",
        "ERC20:ERC20.spec"
    ],
    "revision": "b0e3f0fce07bca649b485160d08615f42d68577a",
    "timestamp": "1712725849.037492"
}